<!--

    AET

    Copyright (C) 2013 Cognifide Limited

    Licensed under the Apache License, Version 2.0 (the "License");
    you may not use this file except in compliance with the License.
    You may obtain a copy of the License at

         http://www.apache.org/licenses/LICENSE-2.0

    Unless required by applicable law or agreed to in writing, software
    distributed under the License is distributed on an "AS IS" BASIS,
    WITHOUT WARRANTIES OR CONDITIONS OF ANY KIND, either express or implied.
    See the License for the specific language governing permissions and
    limitations under the License.

-->
<features
        name="AET Features"
        xmlns="http://karaf.apache.org/xmlns/features/v1.3.0"
        xmlns:xsi="http://www.w3.org/2001/XMLSchema-instance"
        xsi:schemaLocation="http://karaf.apache.org/xmlns/features/v1.3.0 http://karaf.apache.org/xmlns/features/v1.3.0">

    <!-- older version of spring required for ActiveMQ -->
    <repository>mvn:org.apache.karaf.features/spring-legacy/4.2.0/xml/features</repository>
    <repository>mvn:org.apache.activemq/activemq-karaf/5.15.2/xml/features</repository>
    <repository>mvn:org.apache.cxf.karaf/apache-cxf/3.2.0/xml/features</repository>

    <feature name="aet-scr-and-war" version="0.6.0" description="SCR and war for AET" install="auto">
        <feature>scr</feature>
        <feature>war</feature>
    </feature>

    <feature name="aet-cxf" version="0.6.0" description="Apache CXF for AET W3C validation" install="auto">
        <feature>cxf-core</feature>
    </feature>

    <feature name="aet-activemq" version="0.6.0" description="Active MQ for AET" install="auto">
        <feature>aries-blueprint</feature>
        <feature>activemq-client</feature>
    </feature>

    <feature name="aet-crypto" version="0.6.0" description="Cryptography libraries for AET" install="auto">
        <bundle>mvn:org.bouncycastle/bcpkix-jdk15on/1.48</bundle>
        <bundle>mvn:org.bouncycastle/bcprov-jdk15on/1.48</bundle>
    </feature>

    <feature name="aet-apache-commons" version="0.6.0" description="Apache Commons for AET" install="auto">
        <bundle>mvn:commons-codec/commons-codec/1.11</bundle>
        <bundle>mvn:commons-collections/commons-collections/3.2.1</bundle>
        <bundle>mvn:commons-fileupload/commons-fileupload/1.3.3</bundle>
        <bundle>mvn:commons-io/commons-io/2.6</bundle>

        <bundle>mvn:org.apache.commons/commons-lang3/3.7</bundle>
        <bundle>mvn:org.apache.commons/commons-exec/1.1</bundle>

        <!-- required by fileupload -->
        <bundle>mvn:org.apache.felix/org.apache.felix.http.servlet-api/1.1.2</bundle>
    </feature>

    <feature name="aet-jackson" version="0.6.0" description="Bundles for Jackson" install="auto">

        <bundle>mvn:javax.ws.rs/javax.ws.rs-api/2.1</bundle>

        <bundle>mvn:org.codehaus.jackson/jackson-core-asl/1.9.13</bundle>
        <bundle>mvn:org.codehaus.jackson/jackson-mapper-asl/1.9.13</bundle>

        <bundle>wrap:mvn:org.codehaus.jackson/jackson-jaxrs/1.9.12</bundle>
        <bundle>wrap:mvn:org.codehaus.jackson/jackson-xc/1.9.12</bundle>
        <bundle>mvn:com.wordnik/swagger-annotations/1.3.9</bundle>
    </feature>

    <feature name="aet-standalone-dependencies" version="0.6.0" description="Set of simple dependencies for AET" install="auto">
        <bundle>mvn:joda-time/joda-time/2.10</bundle>
        <bundle>mvn:org.json/json/20180130</bundle>
        <bundle>mvn:com.google.code.gson/gson/2.8.5</bundle>
        <bundle>mvn:com.google.guava/guava/25.1-jre</bundle>
        <bundle>mvn:org.jsoup/jsoup/1.11.3</bundle>
        <bundle>mvn:org.apache.servicemix.bundles/org.apache.servicemix.bundles.quartz/2.3.0_2</bundle>
    </feature>

    <feature name="aet-diff-match-patch" version="0.6.0" description="Diff, Match and Patch libraries for Plain Text" install="auto">
        <bundle>wrap:mvn:com.googlecode.java-diff-utils/diffutils/1.3.0</bundle>
    </feature>

    <feature name="aet-dependencies" version="0.6.0" description="Additional libraries needed by AET" install="auto">

        <bundle>wrap:mvn:org.apache.ant/ant/1.8.2</bundle>

        <bundle>wrap:mvn:cglib/cglib-nodep/2.2.2</bundle>

        <bundle>wrap:mvn:net.sourceforge.cssparser/cssparser/0.9.9</bundle>
        <bundle>wrap:mvn:org.hamcrest/hamcrest-core/1.3</bundle>
        <bundle>wrap:mvn:net.sourceforge.htmlunit/htmlunit/2.13</bundle>
        <bundle>wrap:mvn:net.sourceforge.htmlunit/htmlunit-core-js/2.13</bundle>
        <bundle>wrap:mvn:org.apache.httpcomponents/httpclient/4.4</bundle>
        <bundle>wrap:mvn:org.apache.httpcomponents/httpcore/4.4</bundle>
        <bundle>wrap:mvn:org.apache.httpcomponents/httpmime/4.4</bundle>
        <bundle>wrap:mvn:net.jcip/jcip-annotations/1.0</bundle>
        <bundle>wrap:mvn:net.sf.jopt-simple/jopt-simple/3.2</bundle>
        <bundle>wrap:mvn:org.w3c.css/sac/1.3</bundle>
        <bundle>wrap:mvn:org.apache.httpcomponents/fluent-hc/4.5.5</bundle>
        <bundle>mvn:org.apache.camel/camel-core/2.21.1</bundle>
        <bundle>mvn:javax.validation/validation-api/1.1.0.Final</bundle>
        <bundle>mvn:org.hibernate/hibernate-validator/4.3.2.Final</bundle>
        <bundle>mvn:org.jboss.logging/jboss-logging/3.3.2.Final</bundle>
        <bundle>wrap:mvn:org.simpleframework/simple-xml/2.7.1</bundle>

        <!--GRID FS bundles-->
        <bundle>mvn:org.mongodb/mongo-java-driver/3.8.0</bundle>
        <bundle>mvn:commons-beanutils/commons-beanutils/1.9.2</bundle>
        <!--GRID FS bundles-->
    </feature>

    <feature name="aet-w3c-validator" version="0.6.0" description="Dependencies for AET W3C validator" install="auto">
        <!-- these were used from cxf in old Karaf setup -->
        <bundle>mvn:org.apache.servicemix.bundles/org.apache.servicemix.bundles.xmlbeans/2.6.0_2</bundle>
    </feature>

</features>
